{"id":"new","title":"Hub Analytics","description":"","permissions":{"viewers":["Internal/new-viewer"],"editors":["Internal/new-editor"],"owners":["Internal/new-owner"]},"pages":[{"id":"customer-care","title":"Customer Care","layout":{"content":{"loggedIn":{"blocks":[{"id":"fa2976610e8421f88030919c33f8ff97","x":0,"y":0,"width":12,"height":9,"banner":false}]}},"fluidLayout":false},"isanon":false,"content":{"default":{"fa2976610e8421f88030919c33f8ff97":[{"id":"HubAnalytics-Gadget-CusomerCareReport-0","content":{"id":"HubAnalytics-Gadget-CusomerCareReport","title":"HubAnalytics-Gadget-CusomerCareReport","type":"gadget","thumbnail":"fs://gadget/HubAnalytics-Gadget-CusomerCareReport/thumbnail.png","data":{"url":"fs://gadget/HubAnalytics-Gadget-CusomerCareReport/gadget.xml"},"styles":{"title":"HubAnalytics-Gadget-CusomerCareReport","borders":true},"options":{"refreshInterval":{"type":"STRING","title":"Refresh Interval","value":"1000000","options":[],"required":false}},"locale_titles":{}}}]},"anon":{}}},{"id":"transaction","title":"Transaction","layout":{"content":{"loggedIn":{"blocks":[{"id":"e4464d8513c499db7caa7e369b0c772e","x":0,"y":0,"width":12,"height":8,"banner":false}]}},"fluidLayout":false},"isanon":false,"content":{"default":{"e4464d8513c499db7caa7e369b0c772e":[{"id":"HubAnalytics-Gadget-TransactionReport-0","content":{"id":"HubAnalytics-Gadget-TransactionReport","title":"HubAnalytics-Gadget-TransactionReport","type":"gadget","thumbnail":"fs://gadget/HubAnalytics-Gadget-TransactionReport/thumbnail.png","data":{"url":"fs://gadget/HubAnalytics-Gadget-TransactionReport/gadget.xml"},"styles":{"title":"HubAnalytics-Gadget-TransactionReport","borders":true},"options":{"refreshInterval":{"type":"STRING","title":"Refresh Interval","value":"1000000","options":[],"required":false}},"locale_titles":{}}}]},"anon":{}}},{"id":"traffic","title":"Traffic Report","layout":{"content":{"loggedIn":{"blocks":[{"id":"cfc7932e7c466617e5ff1d97746c9269","x":0,"y":0,"width":12,"height":9,"banner":false}]}},"fluidLayout":false},"isanon":false,"content":{"default":{"cfc7932e7c466617e5ff1d97746c9269":[{"id":"HubAnalytics-Gadget-TrafficReport-0","content":{"id":"HubAnalytics-Gadget-TrafficReport","title":"HubAnalytics-Gadget-TrafficReport","type":"gadget","thumbnail":"fs://gadget/HubAnalytics-Gadget-TrafficReport/thumbnail.png","data":{"url":"fs://gadget/HubAnalytics-Gadget-TrafficReport/gadget.xml"},"styles":{"title":"HubAnalytics-Gadget-TrafficReport","borders":true},"options":{"refreshInterval":{"type":"STRING","title":"Refresh Interval","value":"1000000","options":[],"required":false}},"locale_titles":{}}}]},"anon":{}}},{"id":"response-time","title":"Response Times","layout":{"content":{"loggedIn":{"blocks":[{"id":"efb76549c393cbba77afde2f03d44207","x":0,"y":0,"width":12,"height":9,"banner":false}]}},"fluidLayout":false},"isanon":false,"content":{"default":{"efb76549c393cbba77afde2f03d44207":[{"id":"HubAnalytics-Gadget-ResponseTimeReport-0","content":{"id":"HubAnalytics-Gadget-ResponseTimeReport","title":"HubAnalytics-Gadget-ResponseTimeReport","type":"gadget","thumbnail":"fs://gadget/HubAnalytics-Gadget-ResponseTimeReport/thumbnail.png","data":{"url":"fs://gadget/HubAnalytics-Gadget-ResponseTimeReport/gadget.xml"},"styles":{"title":"HubAnalytics-Gadget-ResponseTimeReport","borders":true},"options":{"refreshInterval":{"type":"STRING","title":"Refresh Interval","value":"1000000","options":[],"required":false}},"locale_titles":{}}}]},"anon":{}}}],"menu":[{"id":"customer-care","isanon":false,"ishidden":false,"title":"Customer Care","subordinates":[]},{"id":"transaction","isanon":false,"ishidden":false,"title":"Transaction","subordinates":[]},{"id":"traffic","isanon":false,"ishidden":false,"title":"Traffic Report","subordinates":[]},{"id":"response-time","isanon":false,"ishidden":false,"title":"Response Times","subordinates":[]}],"hideAllMenuItems":false,"identityServerUrl":"","accessTokenUrl":"","apiKey":"","apiSecret":"","theme":"Default Theme","shareDashboard":false,"isUserCustom":false,"isEditorEnable":true,"banner":{"globalBannerExists":false,"customBannerExists":false},"landing":"customer-care","isanon":false}