<?xml version="1.0" encoding="UTF-8"?>
<artifacts>
    <artifact name="com.wso2telco.mc.analytics" version="1.0.0" type="carbon/application">
        <dependency artifact="Eventstream_fault" version="1.0.0" include="true" serverRole="DataAnalyticsServer"/>
        <dependency artifact="Eventstream_request" version="1.0.0" include="true" serverRole="DataAnalyticsServer"/>
        <dependency artifact="Eventstream_response" version="1.0.0" include="true" serverRole="DataAnalyticsServer"/>
        <dependency artifact="Eventstream_hubAnalytics_responseStatistics" version="1.0.0" include="true" serverRole="DataAnalyticsServer"/>
        <dependency artifact="Eventstream_hubAnalytics_requestStatistics" version="1.0.0" include="true" serverRole="DataAnalyticsServer"/>
        <dependency artifact="Eventstream_hubAnalytics_processedStatistics" version="1.0.0" include="true" serverRole="DataAnalyticsServer"/>
        <dependency artifact="Eventstore_fault" version="1.0.0" include="true" serverRole="DataAnalyticsServer"/>
        <dependency artifact="Eventstore_request" version="1.0.0" include="true" serverRole="DataAnalyticsServer"/>
        <dependency artifact="Eventstore_response" version="1.0.0" include="true" serverRole="DataAnalyticsServer"/>
        <dependency artifact="Eventstore_hubAnalytics_processedStatistics" version="1.0.0" include="true" serverRole="DataAnalyticsServer"/>
        <dependency artifact="Eventreceiver_fault" version="1.0.0" include="true" serverRole="DataAnalyticsServer"/>
        <dependency artifact="Eventreceiver_request" version="1.0.0" include="true" serverRole="DataAnalyticsServer"/>
        <dependency artifact="Eventreceiver_response" version="1.0.0" include="true" serverRole="DataAnalyticsServer"/>
        <dependency artifact="Eventreceiver_hubAnalytics_requestStatistics" version="1.0.0" include="true" serverRole="DataAnalyticsServer"/>
        <dependency artifact="Eventreceiver_hubAnalytics_responseStatistics" version="1.0.0" include="true" serverRole="DataAnalyticsServer"/>
        <dependency artifact="Sparkscript_hubAnalytics_genericReports" version="1.0.0" include="true" serverRole="DataAnalyticsServer"/>
        <dependency artifact="Executionplan_hubAnalytics_genericReports" version="1.0.0" include="true" serverRole="DataAnalyticsServer"/>
        <dependency artifact="Sparkscript_hubAnalytics_commonReports" version="1.0.0" include="true" serverRole="DataAnalyticsServer"/>

        <dependency artifact="HubAnalytics-Gadget-CustomerCareReport" version="1.0.0" include="true" serverRole="DataAnalyticsServer"/>
        <dependency artifact="HubAnalytics-Gadget-ResponseTimeReport" version="1.0.0" include="true" serverRole="DataAnalyticsServer"/>
        <dependency artifact="HubAnalytics-Gadget-TrafficReport" version="1.0.0" include="true" serverRole="DataAnalyticsServer"/>
        <dependency artifact="HubAnalytics-Gadget-TransactionReport" version="1.0.0" include="true" serverRole="DataAnalyticsServer"/>

        <dependency artifact="HubAnalytics-Dashboard-Reporting" version="1.0.0" include="true" serverRole="DataAnalyticsServer"/>
    </artifact>
</artifacts>
