<?xml version="1.0" encoding="UTF-8"?>
<EventStoreConfiguration>
   <TableSchema>
         <ColumnDefinition>
         <Name>api</Name>
         <IsFacet>false</IsFacet>
         <EnableIndexing>true</EnableIndexing>
         <IsPrimaryKey>false</IsPrimaryKey>
         <EnableScoreParam>false</EnableScoreParam>
         <Type>STRING</Type>
      </ColumnDefinition>
      <ColumnDefinition>
         <Name>responseTime</Name>
         <IsFacet>false</IsFacet>
         <EnableIndexing>true</EnableIndexing>
         <IsPrimaryKey>false</IsPrimaryKey>
         <EnableScoreParam>false</EnableScoreParam>
         <Type>LONG</Type>
      </ColumnDefinition>
      <ColumnDefinition>
         <Name>serviceTime</Name>
         <IsFacet>false</IsFacet>
         <EnableIndexing>false</EnableIndexing>
         <IsPrimaryKey>false</IsPrimaryKey>
         <EnableScoreParam>false</EnableScoreParam>
         <Type>LONG</Type>
      </ColumnDefinition>
      <ColumnDefinition>
         <Name>serviceProvider</Name>
         <IsFacet>false</IsFacet>
         <EnableIndexing>true</EnableIndexing>
         <IsPrimaryKey>false</IsPrimaryKey>
         <EnableScoreParam>false</EnableScoreParam>
         <Type>STRING</Type>
      </ColumnDefinition>
      <ColumnDefinition>
         <Name>apiPublisher</Name>
         <IsFacet>false</IsFacet>
         <EnableIndexing>true</EnableIndexing>
         <IsPrimaryKey>false</IsPrimaryKey>
         <EnableScoreParam>false</EnableScoreParam>
         <Type>STRING</Type>
      </ColumnDefinition>
      <ColumnDefinition>
         <Name>applicationName</Name>
         <IsFacet>false</IsFacet>
         <EnableIndexing>true</EnableIndexing>
         <IsPrimaryKey>false</IsPrimaryKey>
         <EnableScoreParam>false</EnableScoreParam>
         <Type>STRING</Type>
      </ColumnDefinition>
        <ColumnDefinition>
         <Name>requestId</Name>
         <IsFacet>false</IsFacet>
         <EnableIndexing>false</EnableIndexing>
         <IsPrimaryKey>false</IsPrimaryKey>
         <EnableScoreParam>false</EnableScoreParam>
         <Type>STRING</Type>
      </ColumnDefinition>
      <ColumnDefinition>
         <Name>operatorId</Name>
         <IsFacet>false</IsFacet>
         <EnableIndexing>true</EnableIndexing>
         <IsPrimaryKey>false</IsPrimaryKey>
         <EnableScoreParam>false</EnableScoreParam>
         <Type>STRING</Type>
      </ColumnDefinition>
      <ColumnDefinition>
         <Name>responseCode</Name>
         <IsFacet>false</IsFacet>
         <EnableIndexing>true</EnableIndexing>
         <IsPrimaryKey>false</IsPrimaryKey>
         <EnableScoreParam>false</EnableScoreParam>
         <Type>STRING</Type>
      </ColumnDefinition>
      <ColumnDefinition>
         <Name>isSuccess</Name>
         <IsFacet>false</IsFacet>
         <EnableIndexing>true</EnableIndexing>
         <IsPrimaryKey>false</IsPrimaryKey>
         <EnableScoreParam>false</EnableScoreParam>
         <Type>BOOLEAN</Type>
      </ColumnDefinition>
      <ColumnDefinition>
         <Name>msisdn</Name>
         <IsFacet>false</IsFacet>
         <EnableIndexing>true</EnableIndexing>
         <IsPrimaryKey>false</IsPrimaryKey>
         <EnableScoreParam>false</EnableScoreParam>
         <Type>STRING</Type>
      </ColumnDefinition>
      <ColumnDefinition>
         <Name>direction</Name>
         <IsFacet>false</IsFacet>
         <EnableIndexing>true</EnableIndexing>
         <IsPrimaryKey>false</IsPrimaryKey>
         <EnableScoreParam>false</EnableScoreParam>
         <Type>STRING</Type>
      </ColumnDefinition>
      <ColumnDefinition>
         <Name>jsonBody</Name>
         <IsFacet>false</IsFacet>
         <EnableIndexing>false</EnableIndexing>
         <IsPrimaryKey>false</IsPrimaryKey>
         <EnableScoreParam>false</EnableScoreParam>
         <Type>STRING</Type>
      </ColumnDefinition>
        <ColumnDefinition>
         <Name>spOperatorId</Name>
         <IsFacet>false</IsFacet>
         <EnableIndexing>false</EnableIndexing>
         <IsPrimaryKey>false</IsPrimaryKey>
         <EnableScoreParam>false</EnableScoreParam>
         <Type>STRING</Type>
      </ColumnDefinition>
        <ColumnDefinition>
         <Name>spUserId</Name>
         <IsFacet>false</IsFacet>
         <EnableIndexing>false</EnableIndexing>
         <IsPrimaryKey>false</IsPrimaryKey>
         <EnableScoreParam>false</EnableScoreParam>
         <Type>STRING</Type>
      </ColumnDefinition>
      <ColumnDefinition>
         <Name>spConsumerKey</Name>
         <IsFacet>false</IsFacet>
         <EnableIndexing>false</EnableIndexing>
         <IsPrimaryKey>false</IsPrimaryKey>
         <EnableScoreParam>false</EnableScoreParam>
         <Type>STRING</Type>
      </ColumnDefinition>
      <ColumnDefinition>
         <Name>errorMessageId</Name>
         <IsFacet>false</IsFacet>
         <EnableIndexing>true</EnableIndexing>
         <IsPrimaryKey>false</IsPrimaryKey>
         <EnableScoreParam>false</EnableScoreParam>
         <Type>STRING</Type>
      </ColumnDefinition>
      <ColumnDefinition>
         <Name>errorText</Name>
         <IsFacet>false</IsFacet>
         <EnableIndexing>false</EnableIndexing>
         <IsPrimaryKey>false</IsPrimaryKey>
         <EnableScoreParam>false</EnableScoreParam>
         <Type>STRING</Type>
      </ColumnDefinition>
      <ColumnDefinition>
         <Name>responseTimeRange</Name>
         <IsFacet>false</IsFacet>
         <EnableIndexing>true</EnableIndexing>
         <IsPrimaryKey>false</IsPrimaryKey>
         <EnableScoreParam>false</EnableScoreParam>
         <Type>STRING</Type>
      </ColumnDefinition> 
      <ColumnDefinition>
         <Name>year</Name>
         <IsFacet>false</IsFacet>
         <EnableIndexing>true</EnableIndexing>
         <IsPrimaryKey>false</IsPrimaryKey>
         <EnableScoreParam>false</EnableScoreParam>
         <Type>INTEGER</Type>
      </ColumnDefinition>
      <ColumnDefinition>
         <Name>month</Name>
         <IsFacet>false</IsFacet>
         <EnableIndexing>true</EnableIndexing>
         <IsPrimaryKey>false</IsPrimaryKey>
         <EnableScoreParam>false</EnableScoreParam>
         <Type>INTEGER</Type>
      </ColumnDefinition>
      <ColumnDefinition>
         <Name>day</Name>
         <IsFacet>false</IsFacet>
         <EnableIndexing>true</EnableIndexing>
         <IsPrimaryKey>false</IsPrimaryKey>
         <EnableScoreParam>false</EnableScoreParam>
         <Type>INTEGER</Type>
      </ColumnDefinition>
      <ColumnDefinition>
         <Name>hour</Name>
         <IsFacet>false</IsFacet>
         <EnableIndexing>true</EnableIndexing>
         <IsPrimaryKey>false</IsPrimaryKey>
         <EnableScoreParam>false</EnableScoreParam>
         <Type>INTEGER</Type>
      </ColumnDefinition>
   </TableSchema>
   <Source>
      <StreamId>org.wso2telco.analytics.hub.stream.processedStatistics:1.0.0</StreamId>
   </Source>
   <MergeSchema>false</MergeSchema>
   <RecordStoreName>EVENT_STORE</RecordStoreName>
</EventStoreConfiguration>

