{
  "name": "org.wso2telco.analytics.hub.stream.requestStatistics",
  "version": "1.0.0",
  "nickName": "RequestStatistics",
  "description": "Request Statistics",
  "metaData": [
    {
      "name": "clientType",
      "type": "STRING"
    }
  ],
  "payloadData": [
    {
      "name": "consumerKey",
      "type": "STRING"
    },
    {
      "name": "context",
      "type": "STRING"
    },
    {
      "name": "apiVersion",
      "type": "STRING"
    },
    {
      "name": "api",
      "type": "STRING"
    },
    {
      "name": "resourcePath",
      "type": "STRING"
    },
    {
      "name": "method",
      "type": "STRING"
    },
    {
      "name": "version",
      "type": "STRING"
    },
    {
      "name": "requestTime",
      "type": "LONG"
    },
    {
      "name": "serviceProvider",
      "type": "STRING"
    },
    {
      "name": "tenantDomain",
      "type": "STRING"
    },
    {
      "name": "hostName",
      "type": "STRING"
    },
    {
      "name": "apiPublisher",
      "type": "STRING"
    },
    {
      "name": "applicationName",
      "type": "STRING"
    },
    {
      "name": "applicationId",
      "type": "STRING"
    },
    {
      "name": "requestId",
      "type": "STRING"
    },
    {
      "name": "operatorId",
      "type": "STRING"
    },
    {
      "name": "msisdn",
      "type": "STRING"
    },
    {
      "name": "direction",
      "type": "STRING"
    },
    {
      "name": "jsonBody",
      "type": "STRING"
    },
    {
      "name": "spOperatorId",
      "type": "STRING"
    },
    {
      "name": "spUserId",
      "type": "STRING"
    },
    {
      "name": "spConsumerKey",
      "type": "STRING"
    }
  ]
}
