<?xml version="1.0" encoding="UTF-8" ?>
<Module>
    <ModulePrefs title="HubAnalytics-Gadget-TransactionReport" description="This is a template gadget">
        <Require feature="dynamic-height"/>
        <Require feature="wso2-gadgets-identity"/>
    </ModulePrefs>
    
    <UserPref name="refreshInterval"
              display_name="Refresh Interval"
              default_value="1000000"/>
     
    <Content type="html">
        <![CDATA[
        <head>
            <!-- shared css -->
            
             <link href="/portal/libs/bootstrap_3.3.5/css/bootstrap.min.css" rel="stylesheet" type="text/css" >
             <link href="/portal/libs/analytics-wso2-2.0.0/common.css" rel="stylesheet" type="text/css" >
            
            <!-- chart vendor css -->
            
            <!-- chart specific css -->
            
            <link href="css/dataTables.bootstrap.min.css" rel="stylesheet" type="text/css">
            <link rel="stylesheet" type="text/css" href="css/json.human.css"/>

            <!-- jQuery -->
            <script src="/portal/libs/jquery_1.11.0/jquery-1.11.3.min.js"></script>
            <!-- provider libs -->
            
            <!-- shared libs -->
            <script src="/portal/libs/bootstrap_3.3.5/js/bootstrap.min.js"></script>

            

           <!-- Custom Theme -->
          <link rel="stylesheet" type="text/css" href="/portal/libs/bootstrap_3.3.5/css/bootstrap.min.css" />
          <link rel="stylesheet" type="text/css" href="/portal/libs/font-wso2_1.0.0/css/font-wso2.min.css" />
          <link rel="stylesheet" type="text/css" href="/portal/libs/theme-wso2_1.0/css/theme-wso2.css" />
          <link rel="stylesheet" type="text/css" href="css/gadget.css" />
          
          <!-- jQuery -->
          <script src="js/jquery-1.10.2.js"></script>
           
          <!-- Include Date Range Picker -->
          <link rel="stylesheet" type="text/css" href="css/font-awesome.min.css" />
          <link rel="stylesheet" type="text/css" href="css/daterangepicker.css" />
          <script type="text/javascript" src="js/moment.min.js"></script>
          <script type="text/javascript" src="js/daterangepicker.js"></script>

          <!-- Custom -->
          <script src="js/gadget-utils.js"></script>
          <script src="js/main.js"></script>
            
                   <script src="js/core/gadget-util.js"></script>
           
            <script src="js/core/gadget-core.js"></script>
  
  

        </head>
        <body>
          <div class="container">

            <div class="row">
                <div class="col-xs-12">
                   <div class="clearfix">
                <div class="btn-group pull-right" id="date-select">
                    <div class="btn-group pull-right" role="group">
                        <button role="date-update" data-value="LastDay" type="button" class="btn btn-default hidden-xs">Last 24 Hours</button>
                        <button role="date-update" data-value="LastMonth" type="button" class="btn btn-default hidden-xs">Last 30 Days</button>
                        <button role="date-update" data-value="LastYear" type="button" class="btn btn-default hidden-xs">Last Year</button>
                        <button id="btnCustomRange" type="button" class="btn btn-default dropdown-toggle" data-toggle="dropdown" aria-haspopup="true" aria-expanded="false">
                            <i class="glyphicon glyphicon-calendar fa fa-calendar"></i> Custom
                            <b class="caret"></b>
                        </button>
                    </div>
                    <div class="btn-group pull-right date-shortcuts" role="group">
                        <button id="btnDropdown" type="button" class="btn btn-default dropdown-toggle hidden-sm hidden-md hidden-lg" data-toggle="dropdown">
                            <span>Last Hour</span> <span class="caret"></span>
                        </button>
                        <ul class="dropdown-menu btn-dropdown-menu pull-right" role="menu">
                            <li><a href="javascript:void(0)" role="date-update" data-value="LastDay">Last 24 Hours</a></li>
                            <li><a href="javascript:void(0)" role="date-update" data-value="LastMonth"s>Last 30 Days</a></li>
                            <li><a href="javascript:void(0)" role="date-update" data-value="LastYear">Last Year</a></li>
                        </ul>
                    </div>
                    <span id="reportrange" class="btn-label"></span>
                </div>
            </div>
            <br/>
            <div class="row">
                <div class="col-xs-3">
                    <span class="btn-label">Operator :    </span>
                    <button id="button-operator" class="btn btn-default dropdown-toggle" type="button" data-toggle="dropdown">All
                    <span class="caret"></span></button>
                    <ul  id="dropdown-operator" class="dropdown-menu">
                      <li><a href="#">All </a></li>
                    </ul>
                </div>
          
                <div class="col-xs-3">
                    <span class="btn-label">Service provider :    </span>
                    <button id="button-sp" class="btn btn-default dropdown-toggle" type="button" data-toggle="dropdown">All
                    <span class="caret"></span></button>
                    <ul id="dropdown-sp" class="dropdown-menu">
                      <li><a href="#">All </a></li>
                    </ul>
                </div>

                <div class="col-xs-3">
                    <span class="btn-label">Application :    </span>
                    <button id="button-app" class="btn btn-default dropdown-toggle" type="button" data-toggle="dropdown">All
                    <span class="caret"></span></button>
                    <ul  id="dropdown-app" class="dropdown-menu">
                      <li><a href="#">All </a></li>
                    </ul>
                </div>

                <div class="col-xs-3">
                    <span class="btn-label">API :    </span>
                    <button id="button-api" class="btn btn-default dropdown-toggle" type="button" data-toggle="dropdown">All
                    <span class="caret"></span></button>
                    <ul  id="dropdown-api" class="dropdown-menu">
                      <li><a href="#">All </a></li>
                    </ul>
                </div>
            </div>

                </div>

            </div>
             <br/>
             <div class="row">
                  <div class="col-xs-3">
                  <label for="button-generate">  </label>
                    <button type="button" id="button-generate"  class="btn btn-primary">Generate</button>
                </div>
                <div class="col-xs-3">
                  <label for="button-load">  </label>
                    <button type="button" id="button-list"  class="btn btn-default">List available reports</button>
                </div>
             </div>
             <br/>
           <div class="row">
              <div class="col-xs-12"> 
                <div id="output"> </div>
              </div>
            </div>
      </div>                    
    </body>
        ]]>
    </Content>
</Module>
